Points\Positions par Frame,xG0,yG0,zG0,xD0,yD0,zD0,xG1,yG1,zG1,xD1,yD1,zD1,xG2,yG2,zG2,xD2,yD2,zD2,xG3,yG3,zG3,xD3,yD3,zD3,xG4,yG4,zG4,xD4,yD4,zD4,xG5,yG5,zG5,xD5,yD5,zD5,xG6,yG6,zG6,xD6,yD6,zD6,xG7,yG7,zG7,xD7,yD7,zD7,xG8,yG8,zG8,xD8,yD8,zD8,xG9,yG9,zG9,xD9,yD9,zD9,xG10,yG10,zG10,xD10,yD10,zD10,xG11,yG11,zG11,xD11,yD11,zD11,xG12,yG12,zG12,xD12,yD12,zD12,xG13,yG13,zG13,xD13,yD13,zD13,xG14,yG14,zG14,xD14,yD14,zD14,xG15,yG15,zG15,xD15,yD15,zD15,xG16,yG16,zG16,xD16,yD16,zD16,xG17,yG17,zG17,xD17,yD17,zD17,xG18,yG18,zG18,xD18,yD18,zD18,xG19,yG19,zG19,xD19,yD19,zD19
P0,0.008348019793629646,0.034382954239845276,0.06759636104106903,0,0,0,0.046441346406936646,0.02994520589709282,0.050591446459293365,0.01617206633090973,0.028769416734576225,0.08621454238891602,0.046597011387348175,0.02257116325199604,0.0868111178278923,0.011174127459526062,0.032432183623313904,0.09589127451181412,0.033426325768232346,0.008514138869941235,0.09302496910095215,0.007236516568809748,0.03697604313492775,0.09892196953296661,0.04096319153904915,0.009874729439616203,0.07461493462324142,0.010539785958826542,0.04398856312036514,0.09799548983573914,0.04666171967983246,0.012482482939958572,0.07212833315134048,0.015286488458514214,0.04591356962919235,0.09222473204135895,0.04313068464398384,0.011980419978499413,0.07394267618656158,0.02009102888405323,0.05023188889026642,0.08893480151891708,0.04155763238668442,0.011512619443237782,0.06944862008094788,0.018067961558699608,0.05756741017103195,0.08699420094490051,0.040765002369880676,0.012178240343928337,0.07099410891532898,0.016527876257896423,0.06379468739032745,0.07881435006856918,0.04114715754985809,0.012080845423042774,0.07124645262956619,0.015785837545990944,0.06685066223144531,0.07554333657026291,0.041540443897247314,0.009947572834789753,0.06966625154018402,0.017485573887825012,0.0689072236418724,0.07634864002466202,0.040476616472005844,0.010762187652289867,0.06916512548923492,0.018231121823191643,0.07212355732917786,0.07055268436670303,0.036853160709142685,0.010794433765113354,0.07334651798009872,0.018955562263727188,0.07471291720867157,0.06611016392707825,0.03914362192153931,0.012010264210402966,0.0761062279343605,0.019230380654335022,0.07926346361637115,0.05775639787316322,0.03842508792877197,0.012379145249724388,0.07254021614789963,0.01696905680000782,0.08290765434503555,0.05186447501182556,0.03399794176220894,0.009816628880798817,0.07271519303321838,0.009120587259531021,0.07959040999412537,0.06094292923808098,0.03732021898031235,0.01003759540617466,0.07630589604377747,0.0012438837438821793,0.07844644039869308,0.06966277956962585,0.04206853732466698,0.009831015020608902,0.06995287537574768,0.0008818968199193478,0.07775747776031494,0.06935162097215652,0.04810469597578049,0.005146173294633627,0.059566229581832886,-0.011015219613909721,0.07762455195188522,0.06225147470831871,0.04775318503379822,8.93324613571167e-05,0.055294219404459,-0.016428524628281593,0.06990072131156921,0.06565894931554794
P4,0.04813932254910469,-0.07226304709911346,0.011973395943641663,0,0,0,-0.025372294709086418,0.02306264638900757,0.0017209947109222412,0.06067342683672905,-0.07886841148138046,0.015517203137278557,-0.01403028890490532,-0.07231844961643219,-0.005195166449993849,0.05103255808353424,-0.07022228837013245,0.011475931853055954,-0.00866609811782837,-0.0745275691151619,-0.008214996196329594,0.05065177381038666,-0.06169850379228592,0.004173725377768278,-0.01001584343612194,-0.07721531391143799,0.0053606354631483555,0.05031872168183327,-0.06133926287293434,0.0008313959115184844,-0.01105615496635437,-0.07632071524858475,0.010214829817414284,0.0535745806992054,-0.05905009061098099,0.002388462657108903,-0.00957321748137474,-0.0761345699429512,0.00982534047216177,0.0551118440926075,-0.05355940759181976,-0.0014446866698563099,-0.010671520605683327,-0.07473679631948471,0.009540915489196777,0.05589485168457031,-0.04561874270439148,-0.009396172128617764,-0.010255949571728706,-0.07313825190067291,0.010580645874142647,0.05397858843207359,-0.04959113150835037,-0.0005505899898707867,-0.011160330846905708,-0.07311148941516876,0.009899071417748928,0.05077585577964783,-0.04938260465860367,0.0048019131645560265,-0.011788658797740936,-0.07499217987060547,0.008981186896562576,0.048728927969932556,-0.04537995159626007,0.005271305795758963,-0.01131804846227169,-0.07262998819351196,0.009413720108568668,0.050226159393787384,-0.04511033743619919,0.010468517430126667,-0.010709606111049652,-0.07157917320728302,0.009945270605385303,0.05050112307071686,-0.04675097018480301,0.012771718204021454,-0.012559434399008751,-0.07349793612957001,0.010076602920889854,0.05466500669717789,-0.0411832258105278,0.002691766247153282,-0.011411316692829132,-0.0738682746887207,0.0125697311013937,0.057079847902059555,-0.038059987127780914,0.0039382860995829105,-0.012620324268937111,-0.07188694179058075,0.010598991997539997,0.0573267862200737,-0.03610745817422867,0.005682669579982758,-0.013277817517518997,-0.06938263773918152,0.013484549708664417,0.056488215923309326,-0.030261624604463577,0.004339227452874184,-0.017677361145615578,-0.0672314316034317,0.013502562418580055,0.05947292596101761,-0.03110634535551071,0.0046573206782341,-0.01907382905483246,-0.0648575946688652,0.016230585053563118,0.05962640419602394,-0.02902163937687874,0.018858784809708595,-0.01966555044054985,-0.06062261760234833,0.014183472841978073,0.061898667365312576,-0.03275332599878311,0.025297479704022408
P8,-0.0027474714443087578,-0.0396195687353611,-0.043711379170417786,0,0,0,-0.06994101405143738,0.010191455483436584,-0.037251099944114685,0.004862811416387558,-0.037263572216033936,-0.07025645673274994,-0.022095073014497757,-0.054277464747428894,-0.025206319987773895,-0.0031577683985233307,-0.03666592389345169,-0.07989126443862915,-0.01645483635365963,-0.04427414387464523,-0.05193202197551727,-0.014932427555322647,-0.04128074273467064,-0.062282200902700424,-0.021292220801115036,-0.04140651971101761,-0.033181071281433105,-0.023215141147375107,-0.058359984308481216,-0.06051165610551834,-0.024736346676945686,-0.041437868028879166,-0.030621591955423355,-0.023003989830613136,-0.06810364872217178,-0.05251302197575569,-0.024375945329666138,-0.03954073786735535,-0.030067745596170425,-0.02408585324883461,-0.06943359225988388,-0.05094663426280022,-0.022945255041122437,-0.038543298840522766,-0.03184736892580986,-0.020492903888225555,-0.07690010964870453,-0.04455622285604477,-0.02247719280421734,-0.037265509366989136,-0.03127168118953705,-0.01925915852189064,-0.08207765221595764,-0.03958313167095184,-0.023548047989606857,-0.037092722952365875,-0.029262427240610123,-0.01836293563246727,-0.08373364806175232,-0.03361517935991287,-0.024742327630519867,-0.03825882449746132,-0.02744765393435955,-0.017326466739177704,-0.08661644905805588,-0.03250861540436745,-0.022189414128661156,-0.03854445368051529,-0.03004869818687439,-0.0132824145257473,-0.0898594930768013,-0.03100603073835373,-0.02303355000913143,-0.036335498094558716,-0.03484567999839783,-0.01042914018034935,-0.09350249171257019,-0.029289845377206802,-0.024008123204112053,-0.039234764873981476,-0.03537232428789139,-0.005706649273633957,-0.09667067229747772,-0.02540759928524494,-0.023627303540706635,-0.04059852659702301,-0.027673179283738136,-0.002728629857301712,-0.09710003435611725,-0.019416632130742073,-0.024721458554267883,-0.03921142593026161,-0.03064604476094246,-0.0016303621232509613,-0.09497548639774323,-0.024168862029910088,-0.026970621198415756,-0.0402875691652298,-0.02874457649886608,-0.0002783341333270073,-0.09209523350000381,-0.02895703911781311,-0.03202534839510918,-0.04060487076640129,-0.01758502423763275,0.0013139997608959675,-0.09471764415502548,-0.02896922081708908,-0.037911370396614075,-0.035933829843997955,0.001465815817937255,0.0076590972021222115,-0.09140433371067047,-0.026904074475169182,-0.041021980345249176,-0.026192279532551765,0.011501040309667587,0.007755308412015438,-0.083162821829319,-0.03194599226117134
P12,-0.019118739292025566,-0.036331743001937866,-0.05809720978140831,0,0,0,-0.0529668852686882,-0.03187013790011406,-0.04216395691037178,-0.004925555549561977,-0.023600000888109207,-0.08011175692081451,-0.054059214890003204,-0.0024974625557661057,-0.029660137370228767,-0.0036390337627381086,-0.009409273974597454,-0.08484072238206863,-0.0550222210586071,-0.0021632127463817596,-0.014677959494292736,-0.005327150225639343,-0.005199980456382036,-0.0755072757601738,-0.0563373826444149,0.000525299459695816,-0.006362260319292545,0.0008374443277716637,-0.010050135664641857,-0.08515825867652893,-0.0600472129881382,0.0004669688642024994,0.0038734159898012877,0.006308145821094513,-0.01046499703079462,-0.08040027320384979,-0.05709328502416611,0.002437399700284004,0.0038759068120270967,0.011374924331903458,-0.008698614314198494,-0.07850563526153564,-0.055950701236724854,0.002592815086245537,-0.0010206763399764895,0.003983677364885807,-0.017032617703080177,-0.09113810211420059,-0.05524116009473801,0.0029001012444496155,-0.0002306046662852168,0.0068170372396707535,-0.024433279410004616,-0.0910433679819107,-0.0560128279030323,0.003568194806575775,-0.0009336353978142142,0.017531301826238632,-0.019837357103824615,-0.08646269142627716,-0.057590145617723465,0.0018311422318220139,0.001603311742655933,0.02091149240732193,-0.018300004303455353,-0.09057648479938507,-0.05633234977722168,0.0027370229363441467,-0.0020993375219404697,0.02624564804136753,-0.012692130170762539,-0.08460352569818497,-0.054109759628772736,0.004127174615859985,-0.004827238619327545,0.027255719527602196,-0.014342686161398888,-0.0813872218132019,-0.05661201477050781,0.0026559196412563324,-0.0024960485752671957,0.027055932208895683,-0.01871105656027794,-0.0756654217839241,-0.056937385350465775,1.630932092666626e-05,0.003264578990638256,0.027219217270612717,-0.02254822477698326,-0.06488488614559174,-0.05548764392733574,0.0007295776158571243,-0.0013553360477089882,0.0204984862357378,-0.03256230428814888,-0.06737836450338364,-0.05582417920231819,0.000515645369887352,0.0021385501604527235,0.01223778910934925,-0.040697477757930756,-0.08236365765333176,-0.05985885113477707,0.002311795949935913,0.009019066579639912,0.008758248761296272,-0.05712594464421272,-0.08491714298725128,-0.06096870079636574,0.005378749221563339,0.02223062887787819,0.0009076450951397419,-0.08034907281398773,-0.07095330953598022,-0.05886887013912201,0.012944523245096207,0.02832741104066372,0.0016634287312626839,-0.0711044892668724,-0.07554283738136292
P16,-0.0017739238683134317,0.008117783814668655,-0.04518036171793938,0,0,0,-0.035189513117074966,-0.053918611258268356,-0.015486643649637699,0.028442610055208206,0.026427291333675385,-0.03980793431401253,-0.03361457586288452,-0.005945059470832348,0.0035189685877412558,0.032668761909008026,0.03410477563738823,-0.015615541487932205,-0.0626823902130127,0.029523199424147606,0.009553796611726284,0.03964981436729431,0.046929843723773956,0.014320113696157932,-0.06227383017539978,0.026292448863387108,0.009636043570935726,0.045804381370544434,0.05093616247177124,-0.00022026215447112918,-0.06254059821367264,0.02514319308102131,0.016392240300774574,0.04480326920747757,0.04991298168897629,-0.0065925233066082,-0.06116684898734093,0.0251708272844553,0.0184200219810009,0.042901404201984406,0.05063727870583534,-0.004471996799111366,-0.06104277819395065,0.025068476796150208,0.013334116898477077,0.043566640466451645,0.04892218858003616,0.0030105693731456995,-0.060531362891197205,0.025089532136917114,0.012757254764437675,0.041060350835323334,0.05116460472345352,0.00046945770736783743,-0.06123743951320648,0.025955380871891975,0.013485170900821686,0.041473980993032455,0.049034472554922104,-0.0035269251093268394,-0.06091807037591934,0.024977440014481544,0.01573113538324833,0.03846979886293411,0.055354245007038116,0.0008086496964097023,-0.05977393686771393,0.025500118732452393,0.011692832224071026,0.035714004188776016,0.056621044874191284,-0.0006106740329414606,-0.057158440351486206,0.026574742048978806,0.010239106602966785,0.033288612961769104,0.05026562511920929,-0.011438118293881416,-0.060670047998428345,0.02729140780866146,0.0136255556717515,0.031445540487766266,0.04403754696249962,-0.02207137458026409,-0.05973174422979355,0.025806307792663574,0.017278213053941727,0.028131932020187378,0.0346420593559742,-0.030908778309822083,-0.057905759662389755,0.026736926287412643,0.011129206977784634,0.020177487283945084,0.015912139788269997,-0.057702720165252686,-0.05598011240363121,0.029529310762882233,0.01044005248695612,0.007900573313236237,-0.009470615535974503,-0.08334312587976456,-0.058106936514377594,0.03466887027025223,0.019026773050427437,0.002494924236088991,-0.014208884909749031,-0.09664004296064377,-0.05572221428155899,0.03882664442062378,0.028256170451641083,-0.0037144082598388195,-0.04363318532705307,-0.08893509209156036,-0.04448268190026283,0.04433716461062431,0.028051286935806274,-0.004351732786744833,-0.04508144035935402,-0.084771066904068
P20,-0.016702869907021523,0.03194890171289444,-0.01902664639055729,0,0,0,-0.021522633731365204,-0.060291826725006104,0.006155703216791153,0.009827874600887299,0.04871051013469696,-0.02134147845208645,-0.017347779124975204,0.014354351907968521,0.02691810205578804,0.016142873093485832,0.049418408423662186,-0.0034137312322854996,-0.04052933305501938,0.0403759703040123,0.01070084236562252,0.01925916224718094,0.054794345051050186,0.019601186737418175,-0.04886830598115921,0.04452072083950043,0.013097104616463184,0.024570096284151077,0.05610036477446556,0.006908210460096598,-0.04814857244491577,0.04341897740960121,0.01795625314116478,0.024663090705871582,0.05914043262600899,0.000286944821709767,-0.04616634175181389,0.043040402233600616,0.018893642351031303,0.022820815443992615,0.05933191999793053,-0.0039957850240170956,-0.04574296623468399,0.041450291872024536,0.01592000015079975,0.02030540443956852,0.058120910078287125,0.005755722057074308,-0.0454755499958992,0.041177816689014435,0.015440710820257664,0.02588525600731373,0.060437820851802826,0.00069539959076792,-0.045746833086013794,0.04234914481639862,0.015856195241212845,0.028062403202056885,0.06171674281358719,-0.0031183683313429356,-0.045359015464782715,0.043639667332172394,0.0164633858948946,0.02471640706062317,0.06385283172130585,-0.0027673235163092613,-0.043789155781269073,0.043663039803504944,0.015340551733970642,0.023679066449403763,0.06513944268226624,-0.00678957998752594,-0.04122401773929596,0.04357690364122391,0.012722481973469257,0.022702228277921677,0.06055774167180061,-0.017379673197865486,-0.04364010691642761,0.04516129940748215,0.01712271384894848,0.021553097292780876,0.05576072260737419,-0.0265120267868042,-0.04273957759141922,0.048586104065179825,0.016644055023789406,0.01513983216136694,0.04450834542512894,-0.033138617873191833,-0.038356713950634,0.05074658244848251,0.011902444995939732,0.007053307257592678,0.029634086415171623,-0.05146719142794609,-0.03511182218790054,0.055669039487838745,0.009274324402213097,-0.005956266075372696,0.023146627470850945,-0.062004003673791885,-0.033925432711839676,0.06109315901994705,0.015781931579113007,-0.012274004518985748,0.015164539217948914,-0.0691794902086258,-0.029734935611486435,0.062834233045578,0.019505510106682777,-0.013764862902462482,-0.0027000727131962776,-0.07119085639715195,-0.02134644240140915,0.058452803641557693,0.0192070621997118,-0.01872260496020317,-0.0024711708538234234,-0.06938886642456055
P0,0.07432634383440018,0.01740317977964878,0.042570456862449646,-0.045256949961185455,0.06409796327352524,0.06431999802589417,0.06643954664468765,0.015968983992934227,0.06723495572805405,-0.04406552016735077,0.049574896693229675,0.07575642317533493,0.05121545493602753,0.01489197090268135,0.07848207652568817,-0.031000319868326187,0.0497763529419899,0.06878812611103058,0.060699816793203354,0.017374934628605843,0.08200060576200485,-0.01266405452042818,0.0632982850074768,0.07772888243198395,0.05852922424674034,0.015151018276810646,0.0785178393125534,-0.01621491275727749,0.07545581459999084,0.06372985988855362,0.0590825118124485,0.015121937729418278,0.07593057304620743,-0.005574200768023729,0.07848874479532242,0.05469395965337753,0.057268768548965454,0.015706727281212807,0.07285057008266449,-0.004935798235237598,0.0817059576511383,0.05269842594861984,0.05341896414756775,0.015645839273929596,0.07617359608411789,-0.0028442363254725933,0.08275513350963593,0.05104255676269531,0.05394221842288971,0.01677747070789337,0.07957302778959274,-0.005665510427206755,0.08436265587806702,0.0508100651204586,0.05601562187075615,0.017515068873763084,0.0741061270236969,-0.009969747625291348,0.08098886907100677,0.056007761508226395,0.05583649128675461,0.01941431313753128,0.0666152685880661,-0.013786744326353073,0.07621584832668304,0.05811723321676254,0.05908156558871269,0.02155308425426483,0.06401465088129044,-0.02582237683236599,0.06506609916687012,0.06866561621427536,0,0,0,0.05593530833721161,0.018389543518424034,0.06512649357318878,-0.048316653817892075,0.02351929433643818,0.07731708884239197,0.056649431586265564,0.014558970928192139,0.05901690199971199,-0.049139607697725296,0.02108612470328808,0.07437915354967117,0.060367632657289505,0.005206145346164703,0.05268903449177742,-0.048298340290784836,0.02135036513209343,0.07248372584581375,0.05908076837658882,0.000969303771853447,0.04455595836043358,-0.04922124743461609,0.017699778079986572,0.07519568502902985,0.06970346719026566,-0.006962759420275688,0.05288630351424217,,,,,,,,,,,,,,,,,,
P4,-0.020355969667434692,-0.050107698887586594,0.03701258450746536,0.040292687714099884,-0.02360864356160164,0.02204129286110401,-0.02067360281944275,-0.07363926619291306,0.015438559465110302,0.04430757462978363,-0.012050867080688477,0.011520609259605408,-0.01895979233086109,-0.07311255484819412,0.00544558884575963,0.031123394146561623,-0.036318812519311905,0.01092219166457653,-0.020734163001179695,-0.07761703431606293,0.007589268032461405,0.031444016844034195,0.0015250248834490776,-0.021203622221946716,-0.021547287702560425,-0.0764385461807251,0.0056482343934476376,0.029679417610168457,0.01030895859003067,-0.024831237271428108,-0.023183673620224,-0.07592147588729858,0.007476067636162043,0.034507475793361664,-0.011206895112991333,-0.016427932307124138,-0.023312348872423172,-0.07426124811172485,0.010224233381450176,0.032881200313568115,-0.006655321456491947,-0.02111680805683136,-0.02267368882894516,-0.07290710508823395,0.006444738246500492,0.03010326623916626,-0.004395980387926102,-0.027266183868050575,-0.023089522495865822,-0.07301467657089233,0.005831203423440456,0.03056560456752777,-0.00120664166752249,-0.027719495818018913,-0.020994337275624275,-0.07573658227920532,0.006538211368024349,0.03159934654831886,-0.0015181400813162327,-0.022961562499403954,-0.01768733561038971,-0.07290515303611755,0.010673741810023785,0.029755329713225365,-0.010706650093197823,-0.005477746482938528,-0.015135085210204124,-0.07067358493804932,0.015787841752171516,0.03446749225258827,-0.0008706937078386545,-0.008019644767045975,0,0,0,-0.008723931387066841,-0.06431318074464798,0.022729044780135155,0.04063745588064194,-0.025174817070364952,-0.0026558188255876303,-0.00858166441321373,-0.06363366544246674,0.025000471621751785,0.030814334750175476,-0.04101540893316269,-0.002956772455945611,-0.004369478672742844,-0.06737180799245834,0.015630120411515236,0.0330703966319561,-0.05538327619433403,0.003068464109674096,-0.006132919806987047,-0.043926745653152466,0.019142212346196175,0.030055560171604156,-0.06113247573375702,0.00024385721189901233,-0.021874524652957916,0.0066640330478549,0.005617197137326002,,,,,,,,,,,,,,,,,,
P8,-0.03326087445020676,-0.058602459728717804,-0.025035863742232323,0.04823828488588333,-0.05449134111404419,-0.024712424725294113,-0.034120433032512665,-0.05383222550153732,-0.01881396397948265,0.04284471645951271,-0.044408295303583145,-0.03669699653983116,-0.03308857977390289,-0.04852532967925072,-0.020697733387351036,0.02619166113436222,-0.04305872693657875,-0.061352044343948364,-0.037189602851867676,-0.05566306412220001,-0.01994241215288639,0.010563473217189312,-0.06865987181663513,-0.043329037725925446,-0.03476560115814209,-0.05813755840063095,-0.025991979986429214,0.010324938222765923,-0.07004409283399582,-0.034090228378772736,-0.0376448854804039,-0.0591694675385952,-0.0178325604647398,0.014368817210197449,-0.08284561336040497,-0.019014257937669754,-0.03358942270278931,-0.06005646660923958,-0.023170167580246925,0.009806826710700989,-0.0883709117770195,-0.012068134732544422,-0.035152632743120193,-0.05838789418339729,-0.021733930334448814,0.014708071015775204,-0.09659033268690109,-0.010057345032691956,-0.03909606486558914,-0.05745788291096687,-0.018551001325249672,0.017413198947906494,-0.09476245939731598,-0.01115486677736044,-0.04139299690723419,-0.05629820376634598,-0.012106518261134624,0.019136376678943634,-0.08864785730838776,-0.018187249079346657,-0.045503247529268265,-0.05122637003660202,0.0019014806021004915,0.02025758847594261,-0.08650141209363937,-0.027895601466298103,-0.05316140875220299,-0.04274870827794075,0.019376564770936966,0.018599649891257286,-0.0750405490398407,-0.035403963178396225,0,0,0,-0.057416874915361404,-0.025081921368837357,0.03119802288711071,0.053018368780612946,-0.029418203979730606,0.013685094192624092,-0.05977189540863037,-0.01364283636212349,0.036360595375299454,0.05927789583802223,-0.0074141137301921844,0.03184264525771141,-0.059738919138908386,-0.00770787987858057,0.03334178030490875,0.05849229544401169,-0.013160398229956627,0.023647159337997437,-0.05171070992946625,0.005817747209221125,0.03135083615779877,0.05828779563307762,-0.008442645892500877,0.03119399957358837,-0.06135057657957077,0.010721595957875252,0.026132192462682724,,,,,,,,,,,,,,,,,,
P12,-0.07252884656190872,0.008536540903151035,0.02645942009985447,0.07481928169727325,-0.019731633365154266,0.01953091099858284,-0.06830913573503494,0.00873393751680851,0.03225989639759064,0.06814360618591309,4.432164132595062e-05,0.027286861091852188,-0.0683538094162941,0.009627416729927063,0.028871450573205948,0.05256575345993042,-0.00024497322738170624,0.0007549037109129131,-0.07269345223903656,0.005544254556298256,0.03293741121888161,0.03526096045970917,0.026579812169075012,0.006893416866660118,-0.07404676824808121,0.002888146787881851,0.030932389199733734,0.00812455452978611,-0.07491664588451385,-0.06870041787624359,-0.07467679679393768,-0.0009373147040605545,0.03151579946279526,0.0427178256213665,-0.05355040356516838,-0.05304199829697609,-0.0712682455778122,-0.0023115910589694977,0.027369866147637367,0.04170357063412666,-0.05877149477601051,-0.052992433309555054,-0.07124058902263641,-0.0019295979291200638,0.02452036738395691,0.04405174031853676,-0.05594708397984505,-0.05768793821334839,-0.07477128505706787,-0.0008762050420045853,0.028303362429142,0.04708779603242874,-0.05012185126543045,-0.0503961481153965,-0.07858459651470184,-0.002643141895532608,0.029998010024428368,0.04639445245265961,-0.04168243706226349,-0.049907710403203964,-0.07840880006551743,-0.002619745209813118,0.03291361406445503,0.048031020909547806,-0.032459765672683716,-0.043632980436086655,-0.08070791512727737,-0.0022295359522104263,0.03483700007200241,0.047324780374765396,-0.011017050594091415,-0.038034889847040176,0,0,0,-0.07526987046003342,-0.003263559192419052,0.03336992487311363,0.053577713668346405,-0.013914944604039192,0.02790013514459133,-0.07292163372039795,-0.0005447752773761749,0.033071119338274,0.06947711855173111,0.0023918524384498596,0.033780984580516815,-0.07266145199537277,0.009631901979446411,0.03074932098388672,0.06881982088088989,0.0024675652384757996,0.03074338659644127,-0.06824357807636261,0.022054724395275116,0.03303654491901398,0.06733256578445435,0.007072024047374725,0.03476019203662872,-0.07339402288198471,0.029058771207928658,0.027129847556352615,,,,,,,,,,,,,,,,,,
P16,-0.04548632726073265,0.030195284634828568,0.04630686342716217,0.01193427387624979,0.017603201791644096,0.04588257521390915,-0.0385720431804657,0.02632366120815277,0.050326038151979446,0.01718926802277565,0.027631014585494995,0.048939209431409836,-0.04018116369843483,0.01976749300956726,0.042145125567913055,0.043328747153282166,0.029996931552886963,0.026275845244526863,-0.0451979786157608,0.019747978076338768,0.0442262664437294,0.02450273558497429,0.04759073257446289,0.03066778928041458,-0.03551347181200981,0.019101295620203018,0.045395221561193466,0.023415587842464447,0.05082327127456665,-0.014877689070999622,-0.025669407099485397,0.017979968339204788,0.05252422019839287,0.0262384582310915,0.050859931856393814,0.014626260846853256,-0.022424273192882538,0.01751416176557541,0.04991769418120384,0.02658914029598236,0.04757336154580116,0.015403124503791332,-0.019696930423378944,0.01625557616353035,0.05089249461889267,0.026383019983768463,0.04822711646556854,0.012899351306259632,-0.020598232746124268,0.01584307849407196,0.05017326772212982,0.029472898691892624,0.048166919499635696,0.01885390467941761,-0.014315186999738216,0.012696781195700169,0.05326530337333679,0.026805110275745392,0.0449398010969162,0.019866663962602615,-0.018551524728536606,0.013736201450228691,0.04955172911286354,0.0197369996458292,0.04501236230134964,0.02397850900888443,-0.03785165771842003,0.020316358655691147,0.04455908015370369,0.025531074032187462,0.04489385709166527,0.01337639894336462,0,0,0,-0.057648465037345886,0.03125623241066933,0.040333300828933716,0.05126218870282173,0.007814869284629822,0.024615269154310226,-0.06435199081897736,0.03147962689399719,0.03756300359964371,0.06252182275056839,0.032263725996017456,0.028222767636179924,-0.06731344759464264,0.03005037270486355,0.03355461731553078,0.06403762847185135,0.029399972409009933,0.025837376713752747,-0.0631508082151413,0.03457360714673996,0.030870549380779266,0.06525836884975433,0.024244697764515877,0.03111848793923855,-0.06518016755580902,0.04323209822177887,0.028072817251086235,,,,,,,,,,,,,,,,,,
P20,-0.04331259801983833,0.04879774525761604,0.03400938957929611,0.013256856240332127,0.03485546261072159,0.03340306505560875,-0.04045954346656799,0.04486946761608124,0.03493862971663475,0.011679505929350853,0.04032936319708824,0.04665395990014076,-0.04408491402864456,0.042486321181058884,0.030895544216036797,0.021742356941103935,0.033356860280036926,0.024391837418079376,-0.04790345951914787,0.04661210626363754,0.03311634063720703,0.011212820187211037,0.0540250800549984,0.01958370953798294,-0.04664596915245056,0.04691700637340546,0.03327077254652977,0.020740464329719543,0.05717427656054497,-0.022125471383333206,-0.05130065605044365,0.04670771211385727,0.03621857985854149,0.01841655559837818,0.059746500104665756,0.0024373549968004227,-0.047452352941036224,0.04572587460279465,0.03351964056491852,0.01844058558344841,0.05855211988091469,0.004476060159504414,-0.04741887003183365,0.04477033019065857,0.03197671100497246,0.01674199104309082,0.057675354182720184,0.003219041507691145,-0.04884950816631317,0.04683373123407364,0.0326656736433506,0.020643839612603188,0.05793873593211174,0.006161788944154978,-0.04751018434762955,0.04696502536535263,0.0364198200404644,0.017008282244205475,0.05579916387796402,0.0065247900784015656,-0.04624321311712265,0.04628083482384682,0.03529861569404602,0.013989074155688286,0.05641956254839897,0.009633938781917095,-0.04704061895608902,0.049704428762197495,0.033337824046611786,0.016758786514401436,0.05542834475636482,0.0038846933748573065,0,0,0,-0.04104819893836975,0.05070577934384346,0.027604300528764725,0.04624750837683678,0.028658278286457062,0.026197543367743492,-0.040758129209280014,0.052279599010944366,0.023435883224010468,0.04515577107667923,0.044255491346120834,0.02639567293226719,-0.03799578920006752,0.05507177859544754,0.019933141767978668,0.042605236172676086,0.04545031487941742,0.02134152315557003,-0.03640312701463699,0.053743794560432434,0.02011013589799404,0.04620090126991272,0.04100005701184273,0.021979043260216713,-0.0363369919359684,0.061587683856487274,0.017088498920202255,,,,,,,,,,,,,,,,,,
P0,0,0,0,0,0,0,-0.008101826533675194,0.08190782368183136,0.06381300836801529,0.011384901590645313,0.07006087899208069,0.062039781361818314,-0.01395607739686966,0.07644009590148926,0.07398597151041031,0.022492799907922745,0.07322888821363449,0.05667543038725853,-0.011074183508753777,0.07494385540485382,0.07232016324996948,0.02689104899764061,0.07429778575897217,0.05630725622177124,-0.010667473077774048,0.07448671758174896,0.06740371882915497,0.025355715304613113,0.0733867660164833,0.05263669788837433,-0.010669674724340439,0.07936356961727142,0.053934067487716675,0.021045299246907234,0.07058257609605789,0.06169108673930168,-0.00667684618383646,0.0888124480843544,0.03690603747963905,0.016454041004180908,0.07727643102407455,0.050631679594516754,-0.0009424211457371712,0.09435418248176575,0.022847313433885574,0.013157753273844719,0.08003129065036774,0.05318865180015564,-0.005143072921782732,0.09638691693544388,0.00763027323409915,0.006341678090393543,0.08672663569450378,0.048556067049503326,-0.015019455924630165,0.09436610341072083,-0.005519891157746315,0.00194203807041049,0.08054652065038681,0.05494086816906929,-0.013195202685892582,0.09371641278266907,0.011033347807824612,0.0009634315501898527,0.08193528652191162,0.05359135940670967,-0.016341205686330795,0.09355397522449493,0.027204912155866623,0.003967039752751589,0.08718525618314743,0.04779038205742836,-0.031428012996912,0.0729556605219841,0.053159717470407486,0.0014654994010925293,0.08667489141225815,0.04409188777208328,-0.0491316020488739,0.054395485669374466,0.06212076172232628,0.009435705840587616,0.08599112182855606,0.0398329496383667,,,,,,,,,,,,,,,,,,,,,,,,,,,,,,,,,,,,
P4,0,0,0,0,0,0,0.04808292165398598,0.02009875513613224,-0.04064171016216278,-0.04559710994362831,0.029528161510825157,-0.02436656691133976,0.04860810935497284,0.027166467159986496,-0.05333201587200165,-0.05518677085638046,0.027928967028856277,-0.021244928240776062,0.03635580092668533,0.026958461850881577,-0.052452195435762405,-0.05396878719329834,0.028154440224170685,-0.022252054885029793,0.022269874811172485,0.021613389253616333,-0.04206467792391777,-0.055202312767505646,0.02784944884479046,-0.02437477372586727,0.02508854679763317,-0.0007481229258701205,-0.028201015666127205,-0.05555974319577217,0.026882905513048172,-0.029930461198091507,0.027231860905885696,-0.015569210052490234,-0.031883127987384796,-0.05262227728962898,0.01963401399552822,-0.025166155770421028,0.034183863550424576,-0.02224373072385788,-0.03278932347893715,-0.05494988337159157,0.01386951468884945,-0.024920646101236343,0.0347738154232502,-0.024133827537298203,-0.03129066899418831,-0.052861668169498444,0.0007161479443311691,-0.023429201915860176,0.03156859800219536,-0.026790428906679153,-0.020906273275613785,-0.04662203788757324,-0.010311633348464966,-0.02135385014116764,0.028619330376386642,-0.014314153231680393,-0.005936089437454939,-0.044883958995342255,-0.010727888904511929,-0.016889238730072975,0.03321747109293938,-0.0031358064152300358,-0.01514752022922039,-0.04110030084848404,-0.012177202850580215,-0.024189883843064308,0.040612220764160156,0.007717466913163662,-0.017583101987838745,-0.029500771313905716,-0.0043632350862026215,-0.029315384104847908,0.035144343972206116,0.010369271039962769,0.0019725693855434656,-0.04196541756391525,-0.002177322516217828,-0.025240056216716766,,,,,,,,,,,,,,,,,,,,,,,,,,,,,,,,,,,,
P8,0,0,0,0,0,0,0.04768653213977814,-0.03775729238986969,-0.052809882909059525,-0.040019646286964417,-0.0467129722237587,-0.04072161018848419,0.0404062420129776,-0.059037256985902786,-0.05268874019384384,-0.04537820816040039,-0.05353519693017006,-0.031073978170752525,0.02773166075348854,-0.0690576583147049,-0.04620807617902756,-0.04864124208688736,-0.0525812953710556,-0.03326297923922539,0.026657572016119957,-0.0732865259051323,-0.03262650966644287,-0.05065799504518509,-0.037913978099823,-0.03686325624585152,0.022969428449869156,-0.0743916779756546,-0.02286367304623127,-0.05364057794213295,-0.060804300010204315,-0.03219097852706909,0.024538680911064148,-0.09217114746570587,-0.015902796760201454,-0.05130871757864952,-0.023019738495349884,-0.04279822111129761,0.03098790906369686,-0.09090642631053925,-0.010699217207729816,-0.04659402370452881,-0.03254029154777527,-0.043755657970905304,0.03699886053800583,-0.08386893570423126,-0.012898567132651806,-0.04447047412395477,-0.03721654787659645,-0.043059270828962326,0.050947971642017365,-0.04577486962080002,-0.01779516041278839,-0.04358208179473877,-0.06975504010915756,-0.027840998023748398,0.050888948142528534,-0.051397133618593216,-0.008300844579935074,-0.044142503291368484,-0.0628560483455658,-0.03512333706021309,0.04954212158918381,0.00697822542861104,-0.003499617101624608,-0.044778794050216675,-0.050998833030462265,-0.03377823531627655,0.036514244973659515,0.0011245361529290676,-0.00013691453204955906,-0.0459027923643589,-0.034876033663749695,-0.02788938209414482,0.05223582684993744,0.007228009402751923,0.022822095081210136,-0.05045723915100098,-0.004187659360468388,-0.007123552728444338,,,,,,,,,,,,,,,,,,,,,,,,,,,,,,,,,,,,
P12,0,0,0,0,0,0,0.0410393662750721,0.027806509286165237,-0.02910870872437954,-0.0367971733212471,-0.017604269087314606,-0.06649967283010483,0.036922287195920944,0.02705727145075798,-0.05540842190384865,-0.04403499513864517,-0.013359741307795048,-0.05511113628745079,0.03122309222817421,0.03039226122200489,-0.03951446712017059,-0.04850951209664345,-0.016409996896982193,-0.05983898416161537,0.024703439325094223,0.028421426191926003,-0.05077281594276428,-0.049917809665203094,-0.017571449279785156,-0.06045883893966675,0.020609237253665924,-0.030691130086779594,-0.0727958008646965,-0.047304484993219376,-0.016594739630818367,-0.07179408520460129,0.01570371724665165,-0.04140416160225868,-0.07294262945652008,-0.046770937740802765,-0.022399798035621643,-0.06363020092248917,0.03920549154281616,-0.04092555493116379,-0.062022119760513306,-0.042543280869722366,-0.030171941965818405,-0.05737217515707016,0.04317318648099899,-0.04422496259212494,-0.053741455078125,-0.03667532280087471,-0.0412488654255867,-0.06305388361215591,0.04500679671764374,-0.044509224593639374,-0.04280970245599747,-0.04035250470042229,-0.02663513831794262,-0.06688877195119858,0.04861948639154434,-0.023763999342918396,-0.036309000104665756,-0.05081772804260254,-0.01551549881696701,-0.054698217660188675,0.03753919526934624,0.012806150130927563,-0.010480871424078941,-0.04273740574717522,-0.010105853900313377,-0.05705524981021881,0.02620047889649868,0.026237312704324722,0.027092667296528816,-0.04080254212021828,0.002639575395733118,-0.03219033405184746,0.042500779032707214,0.031963884830474854,0.04095229506492615,-0.04318958893418312,0.01755952462553978,-0.013564107939600945,,,,,,,,,,,,,,,,,,,,,,,,,,,,,,,,,,,,
P16,0,0,0,0,0,0,0.022958673536777496,0.06069597229361534,0.002774466061964631,-0.02850242517888546,0.0422370545566082,-0.0022175356280058622,0.018647074699401855,0.059196967631578445,0.0072532943449914455,-0.03262622281908989,0.04446742683649063,0.0071256994269788265,0.015577034093439579,0.05964858457446098,0.01352379284799099,-0.03726205602288246,0.04626716673374176,0.004748381208628416,0.015488999895751476,0.0581950806081295,0.003015266265720129,-0.034422315657138824,0.04582071676850319,-3.231351729482412e-05,0.016735518351197243,0.054565466940402985,0.002594958757981658,-0.028293386101722717,0.04494014382362366,-0.0012521542375907302,0.013307561166584492,0.049751345068216324,-0.021584386005997658,-0.02831801027059555,0.04217218607664108,-0.005714117083698511,0.022406747564673424,0.04667586833238602,-0.02075805515050888,-0.029122337698936462,0.04208998754620552,-0.01399021316319704,0.022936567664146423,0.039397817105054855,-0.028078677132725716,-0.02632160484790802,0.04592778533697128,-0.011270052753388882,0.019744351506233215,0.033710796386003494,-0.033924102783203125,-0.021469810977578163,0.047806866466999054,-0.009473198093473911,0.02429795078933239,0.04143662005662918,-0.022145068272948265,-0.02621304802596569,0.05010306462645531,0.009364597499370575,0.014027356170117855,0.040414631366729736,-0.01221972145140171,-0.020347997546195984,0.05278686061501503,0.0030319143552333117,0.011033611372113228,0.04619497433304787,0.022874128073453903,-0.01998085528612137,0.04926346614956856,0.0023980846162885427,0.018243107944726944,0.04600813239812851,0.03404896333813667,-0.021306458860635757,0.05241972208023071,0.00469345273450017,,,,,,,,,,,,,,,,,,,,,,,,,,,,,,,,,,,,
P20,0,0,0,0,0,0,0.01255288440734148,0.06274791061878204,-0.0072048380970954895,-0.018717801198363304,0.06056719645857811,0.004714490380138159,0.015585810877382755,0.06422805786132812,-0.0035810237750411034,-0.01665295660495758,0.05965951830148697,0.008020024746656418,0.012880758382380009,0.06457243114709854,0.0007749430951662362,-0.019858695566654205,0.06130535155534744,0.004541507922112942,0.009868736378848553,0.06556650251150131,-0.004061345476657152,-0.01935054361820221,0.062033601105213165,0.0014071599580347538,0.005790534429252148,0.058251406997442245,-0.008855096064507961,-0.019580956548452377,0.06749418377876282,0.006550039164721966,0.0022310931235551834,0.05261463299393654,-0.024538187310099602,-0.01912502944469452,0.061678193509578705,-0.002741581527516246,0.011047965846955776,0.04934432730078697,-0.03392510116100311,-0.019269809126853943,0.06378496438264847,-0.006758925970643759,0.015900155529379845,0.044855810701847076,-0.03683145344257355,-0.0167705025523901,0.06395545601844788,-0.009615742601454258,0.010802689008414745,0.04255032539367676,-0.038671042770147324,-0.012876121327280998,0.06470358371734619,-0.006148168351501226,0.01875269040465355,0.04763128608465195,-0.035947058349847794,-0.01166799571365118,0.06034579500555992,0.0002012328477576375,0.0172424353659153,0.05623053014278412,-0.02327333576977253,-0.009660120122134686,0.05971814692020416,-0.008304927498102188,0.005383357871323824,0.05580146983265877,0.009768905118107796,-0.010968021117150784,0.05712137371301651,-0.007882690988481045,0.014823331497609615,0.057343266904354095,0.022970417514443398,-0.008453121408820152,0.05619357153773308,-0.01008621882647276,,,,,,,,,,,,,,,,,,,,,,,,,,,,,,,,,,,,
P0,-0.041038088500499725,0.07729537039995193,0.06315743178129196,0,0,0,0.054473523050546646,0.011409664526581764,0.046541452407836914,-0.03961324691772461,0.06298808753490448,0.06740374118089676,0.05427667498588562,0.009415790438652039,0.03156415745615959,-0.03534543514251709,0.05268144980072975,0.07557828724384308,0.05212310329079628,0.00822496972978115,0.033152807503938675,-0.037181004881858826,0.04662543535232544,0.07644104212522507,0.05149443447589874,0.00418141670525074,0.03979656845331192,-0.037842124700546265,0.03807125240564346,0.08313867449760437,0.04403352364897728,0.0018032491207122803,0.03926301747560501,-0.03820982947945595,0.032327160239219666,0.08123909682035446,0.03976016491651535,8.47881892696023e-05,0.017851782962679863,-0.03967353701591492,0.02996804565191269,0.085654117166996,0.0434734933078289,-0.006075248122215271,0.02535356767475605,-0.03924625739455223,0.027498196810483932,0.08788637816905975,0.043412599712610245,-0.006118387449532747,0.03007599152624607,-0.04353412613272667,0.02325785532593727,0.08431493490934372,0.04765241593122482,-0.013798665255308151,0.03360123932361603,-0.04756093770265579,0.021723661571741104,0.08152748644351959,0.0485389269888401,-0.016480622813105583,0.03593110665678978,-0.0493566058576107,0.017408505082130432,0.08177940547466278,0.05018411576747894,-0.029328616335988045,0.05011742189526558,-0.05486851930618286,0.016533778980374336,0.07783258706331253,0.06510229408740997,-0.0336308479309082,0.04373863339424133,-0.0508468933403492,0.012569484300911427,0.0773070678114891,0.06178350746631622,-0.027285587042570114,0.04920228198170662,-0.04941079393029213,0.012385569512844086,0.07674329727888107,0.06456048041582108,-0.025330647826194763,0.053039807826280594,-0.05036289989948273,0.010899251326918602,0.07603002339601517,0.05350003391504288,-0.022992782294750214,0.057104144245386124,-0.05286339670419693,0.010212201625108719,0.07643456757068634,0.060903701931238174,-0.021278612315654755,0.058444079011678696,-0.05527549982070923,0.01148739643394947,0.07665568590164185,,,,,,,,,,,,,,,,,,
P4,0.03237490728497505,-0.019403398036956787,0.029124481603503227,0,0,0,0.009831446222960949,-0.07014041393995285,0.013751056045293808,0.033960647881031036,-0.01567366160452366,0.01516034360975027,0.010819506831467152,-0.06972101330757141,0.03400734066963196,0.028789369389414787,-0.05054658651351929,0.0230114683508873,0.00997285358607769,-0.06745519489049911,0.03433450683951378,0.018094569444656372,-0.05945335328578949,0.021410716697573662,0.010633342899382114,-0.07022200524806976,0.02582532726228237,0.018385428935289383,-0.07435972988605499,0.02971157431602478,0.015236727893352509,-0.05866139754652977,0.023580584675073624,0.016289670020341873,-0.07576429843902588,0.017385220155119896,0.027234243229031563,-0.037536606192588806,0.015284611843526363,0.019243968650698662,-0.0788646787405014,0.015077932737767696,0.017043257132172585,-0.028207670897245407,0.029483666643500328,0.01814943365752697,-0.08196093142032623,0.015348614193499088,0.01598438248038292,-0.013191992416977882,0.010973191820085049,0.01485968753695488,-0.08205904066562653,0.013154763728380203,0.00517728365957737,-0.003023309400305152,0.027026111260056496,0.016657423228025436,-0.08544005453586578,0.007299529388546944,0.0003013092209585011,0.006217452231794596,0.024001993238925934,0.01649707555770874,-0.08520162105560303,0.0028705226723104715,-0.008010337129235268,0.019654573872685432,0.016863228753209114,0.01678089052438736,-0.08887524157762527,-0.0009028869681060314,-0.0029424699023365974,0.0266864150762558,0.02157345414161682,0.01618202216923237,-0.08604899793863297,-0.0016893475549295545,-0.008652941323816776,0.032586123794317245,0.010489629581570625,0.015452612191438675,-0.08278036117553711,-0.002198724541813135,0.004339292645454407,0.05354379862546921,0.016359226778149605,0.013478521257638931,-0.08567209541797638,-0.004401915241032839,-0.01535258162766695,0.016535364091396332,0.006568831857293844,0.01570001058280468,-0.08690010011196136,-0.002294534118846059,-0.0026120906695723534,0.0405036062002182,0.0054096439853310585,0.016232017427682877,-0.089121513068676,-0.0015159046743065119,,,,,,,,,,,,,,,,,,
P8,0.04195255786180496,-0.0761449858546257,-0.018163146451115608,0,0,0,-0.04915503039956093,-0.052427321672439575,0.013544953428208828,0.038536347448825836,-0.07022394239902496,-0.01898224838078022,-0.05119602382183075,-0.04680302366614342,0.02448211796581745,0.027953868731856346,-0.05833682790398598,-0.033878568559885025,-0.0534028485417366,-0.039236243814229965,0.03146180510520935,0.030870022252202034,-0.058723583817481995,-0.019030874595046043,-0.05246483162045479,-0.03355473279953003,0.032566096633672714,0.03011082299053669,-0.05206380784511566,-0.023256659507751465,-0.04669593274593353,-0.02198106423020363,0.024218903854489326,0.02645139954984188,-0.03839382529258728,-0.019019052386283875,-0.03999830409884453,-0.01947496086359024,0.031746722757816315,0.02983037754893303,-0.031638093292713165,-0.015669167041778564,-0.04506027325987816,-0.01584937982261181,0.029357023537158966,0.03352304548025131,-0.029048224911093712,-0.023055611178278923,-0.04387861117720604,-0.01566528156399727,0.0200266744941473,0.03377243131399155,-0.02332371473312378,-0.01168781891465187,-0.046819064766168594,-0.017953990027308464,0.00845076609402895,0.0315084382891655,-0.023187104612588882,-0.0037465791683644056,-0.045283157378435135,-0.01377188041806221,-0.000372445210814476,0.036940157413482666,-0.02376202866435051,0.01006451714783907,-0.04181608557701111,0.06172076240181923,-0.0009522145264782012,0.04029298573732376,-0.02859480306506157,0.006061372812837362,-0.04131954163312912,0.06498295813798904,0.00045234616845846176,0.03827301412820816,-0.028413891792297363,0.0015834085643291473,-0.04316265881061554,0.06241779774427414,-0.005950296763330698,0.04365286976099014,-0.02870553359389305,0.0163794606924057,-0.04446027800440788,0.06132111698389053,0.004970666486769915,0.04365868121385574,-0.030577881261706352,0.014550760388374329,-0.04078441113233566,0.05337353050708771,-0.0015422567958012223,0.043299052864313126,-0.033321648836135864,0.0053518484346568584,-0.047331035137176514,0.05824862793087959,0.005709983874112368,0.04400955140590668,-0.03708504140377045,0.007953107357025146,,,,,,,,,,,,,,,,,,
P12,0.06592322140932083,-0.045033060014247894,0.013710811734199524,0,0,0,-0.0709758847951889,-0.009318049997091293,0.01878460869193077,0.061907537281513214,-0.029602091759443283,0.012203396297991276,-0.06916733086109161,-0.006914554163813591,0.03349365293979645,0.06156013160943985,-0.023011481389403343,0.020716164261102676,-0.06863012909889221,0.0009439624845981598,0.037524186074733734,0.06248444318771362,-0.016564467921853065,0.026562253013253212,-0.06515992432832718,0.006838959641754627,0.03771551325917244,0.07024268805980682,-0.011961543932557106,0.031377121806144714,-0.05673525854945183,0.016786284744739532,0.026002362370491028,0.0643545612692833,-0.006937265396118164,0.0373099222779274,-0.04563092440366745,0.01698201522231102,0.03703339770436287,0.06555002927780151,-0.0020178332924842834,0.03857000917196274,-0.05261113867163658,0.022901536896824837,0.036726463586091995,0.06596348434686661,-0.00189189612865448,0.035224441438913345,-0.05204202979803085,0.024360239505767822,0.02897634543478489,0.0625363439321518,-0.0007028877735137939,0.0316338874399662,-0.057564038783311844,0.029366474598646164,0.01794165000319481,0.06225898861885071,-9.716860949993134e-05,0.03536810725927353,-0.059067197144031525,0.03602422773838043,0.008429965935647488,0.06122472509741783,0.0007732752710580826,0.032929446548223495,-0.06033823639154434,0.05683597922325134,-0.005357471294701099,0.06071961298584938,-0.0015200953930616379,0.027427900582551956,-0.059947337955236435,0.05881867557764053,-0.009151414036750793,0.06159581243991852,-0.003524869680404663,0.02348337508738041,-0.06391072273254395,0.05410937964916229,-0.01101725734770298,0.06177821755409241,-0.00018605217337608337,0.028161758556962013,-0.061437152326107025,0.051496829837560654,-0.0007295022369362414,0.06152809411287308,-0.00015456601977348328,0.024680735543370247,-0.06577731668949127,0.0475887730717659,-0.0035842214711010456,0.06474260240793228,0.0005318950861692429,0.02284814789891243,-0.06587526202201843,0.04555659368634224,-0.000385849125450477,0.06630801409482956,-0.0024991072714328766,0.024221817031502724,,,,,,,,,,,,,,,,,,
P16,0.03541071340441704,0.010083341971039772,0.04857850447297096,0,0,0,-0.06131434440612793,0.02725941874086857,0.02179199829697609,0.034137655049562454,0.019378535449504852,0.04324924573302269,-0.06150183826684952,0.02915087342262268,0.03255974128842354,0.028623012825846672,0.01680019684135914,0.04631994664669037,-0.059853605926036835,0.032865818589925766,0.03375023603439331,0.016873857006430626,0.01729244738817215,0.056698426604270935,-0.05741242319345474,0.035903241485357285,0.03127783164381981,0.013914058916270733,0.017743296921253204,0.056181538850069046,-0.051112569868564606,0.03895701467990875,0.024259600788354874,0.012766791507601738,0.01856667548418045,0.05415395274758339,-0.042867738753557205,0.03847644105553627,0.031962800770998,0.015062295831739902,0.017518799751996994,0.05643189325928688,-0.05273330956697464,0.04536769911646843,0.03175828978419304,0.01753171533346176,0.015009681694209576,0.055329579859972,-0.05222661420702934,0.050484925508499146,0.024644674733281136,0.01688816212117672,0.0105060413479805,0.053804460912942886,-0.05614292249083519,0.05490691214799881,0.017395855858922005,0.023622993379831314,0.0060157570987939835,0.050412870943546295,-0.057629190385341644,0.05205084756016731,0.009089085273444653,0.037531860172748566,0.010271481238305569,0.0438520573079586,-0.061487484723329544,0.020764296874403954,0.0017000528750941157,0.05509275943040848,0.01857586018741131,0.03447546809911728,-0.06204213947057724,0.01670544594526291,-0.008241700008511543,0.05939207971096039,0.018628599122166634,0.02705979533493519,-0.06383656710386276,0.013355933129787445,-0.008706956170499325,0.05766739323735237,0.02111356519162655,0.027359386906027794,-0.06272538751363754,0.013764442875981331,-0.005842643789947033,0.05726723372936249,0.01931687444448471,0.02357690967619419,-0.06319061666727066,0.010060550644993782,-0.0010933915618807077,0.059944696724414825,0.02200176939368248,0.025122186169028282,-0.06572487950325012,0.008195629343390465,-0.004313765559345484,0.06113868206739426,0.020943481475114822,0.024858852848410606,,,,,,,,,,,,,,,,,,
P20,0.055353108793497086,0.01884441077709198,0.03475506603717804,0,0,0,-0.039591096341609955,0.057176150381565094,0.013833743520081043,0.047042932361364365,0.01747223734855652,0.029077772051095963,-0.037161655724048615,0.057888515293598175,0.0212306659668684,0.027893006801605225,0.02321655862033367,0.03975893184542656,-0.03595467656850815,0.060262855142354965,0.021458348259329796,0.027822768315672874,0.02426815778017044,0.03931945189833641,-0.03555400297045708,0.05994695425033569,0.02306238003075123,0.019032061100006104,0.02866138517856598,0.0494132898747921,-0.033483684062957764,0.059904564172029495,0.021472172811627388,0.014916233718395233,0.02947690337896347,0.05389057844877243,-0.0269278883934021,0.05853898078203201,0.02282538078725338,0.012004858814179897,0.027670830488204956,0.055890850722789764,-0.03285927325487137,0.06902764737606049,0.02310883067548275,0.012807255610823631,0.022997846826910973,0.05764196813106537,-0.033905792981386185,0.06904822587966919,0.016111616045236588,0.013191425241529942,0.01988895609974861,0.05359163507819176,-0.0361194871366024,0.06949816644191742,0.013594118878245354,0.02210637927055359,0.01586732268333435,0.04624383524060249,-0.03409464657306671,0.06599748134613037,0.006326091010123491,0.040481120347976685,0.02042868733406067,0.03614044934511185,-0.055630359798669815,-0.02905123680830002,-0.00307611096650362,0.04758290573954582,0.029865488409996033,0.026261087507009506,-0.05524059385061264,-0.03569161891937256,-0.0072604636661708355,0.04597041755914688,0.03282342851161957,0.01965784654021263,-0.05055966600775719,-0.03965741768479347,-0.009579671546816826,0.04231024906039238,0.03493513911962509,0.020863929763436317,-0.04590647295117378,-0.03938464820384979,-0.011276583187282085,0.04447758197784424,0.035393573343753815,0.020389080047607422,-0.04238169640302658,-0.03856787085533142,-0.0044461688958108425,0.043583620339632034,0.03566021844744682,0.019328583031892776,-0.04460960626602173,-0.041341088712215424,-0.010091239586472511,0.04280136525630951,0.033214859664440155,0.01952403411269188,,,,,,,,,,,,,,,,,,
P0,0,0,0,0,0,0,0,0,0,0.023308156058192253,-0.001777038211002946,0.08583484590053558,0,0,0,0.034893203526735306,0.0010111834853887558,0.06866617500782013,0.010244419798254967,0.07457935065031052,0.06003851443529129,0.036468300968408585,0.002452601445838809,0.07199931144714355,0.01572640985250473,0.08104317635297775,0.05036268010735512,0.03730142489075661,0.004981484729796648,0.07424114644527435,0.017137080430984497,0.08431536704301834,0.0487096942961216,0.04163232445716858,0.007506390567868948,0.07730114459991455,0.016507942229509354,0.0853656679391861,0.053198881447315216,0.05479394644498825,0.014715592376887798,0.08609356731176376,0.011465060524642467,0.08234583586454391,0.05770493671298027,0.0603882372379303,0.01806291937828064,0.07459762692451477,0.0055565861985087395,0.07756797969341278,0.05954371765255928,0.06097199395298958,0.022134311497211456,0.07664766907691956,-0.004085850901901722,0.07045325636863708,0.06938585638999939,0.0634140893816948,0.024594349786639214,0.07234339416027069,-0.006478470284491777,0.061708785593509674,0.07124223560094833,0.05758631229400635,0.02830294892191887,0.07514230161905289,-0.0057003078982234,0.05683385953307152,0.0773104801774025,0.05476515367627144,0.03251111879944801,0.06935116648674011,,,,,,,,,,,,,,,,,,,,,,,,,,,,,,,,,,,,,,,,,,,,,,,,
P4,0,0,0,0,0,0,0,0,0,-0.020991284400224686,-0.06872502714395523,-0.01304118987172842,0,0,0,-0.02140151336789131,-0.06770550459623337,-0.004849439952522516,0.04510648921132088,-0.02088005654513836,-0.024262642487883568,-0.02037706971168518,-0.06824687123298645,-0.005514666438102722,0.03983704000711441,-0.03044918179512024,-0.012712355703115463,-0.017419159412384033,-0.06902721524238586,-0.0027581537142395973,0.0378912091255188,-0.02855713479220867,-0.012827306985855103,-0.015852808952331543,-0.07398338615894318,-4.522098970483057e-05,0.039316676557064056,-0.025467393919825554,-0.01333027146756649,-0.016514023765921593,-0.08045075088739395,0.0021967943757772446,0.04241533204913139,-0.022219732403755188,-0.016605133190751076,-0.014430005103349686,-0.07399644702672958,0.007146403193473816,0.037963107228279114,-0.013627264648675919,-0.026272576302289963,-0.018717117607593536,-0.0723285898566246,0.010011008009314537,0.037803418934345245,-0.009108224883675575,-0.017778880894184113,-0.019249234348535538,-0.07067108899354935,0.010145003907382488,0.04120950400829315,-0.013957659713923931,-0.0017970857443287969,-0.021793823689222336,-0.0662599727511406,0.011861818842589855,0.029875658452510834,-0.038298338651657104,0.0007309302454814315,-0.02137112431228161,-0.05581270158290863,0.013549408875405788,,,,,,,,,,,,,,,,,,,,,,,,,,,,,,,,,,,,,,,,,,,,,,,,
P8,0,0,0,0,0,0,0,0,0,-0.018024563789367676,-0.03280339762568474,-0.05715782195329666,0,0,0,-0.025335930287837982,-0.03257572650909424,-0.028038177639245987,-0.0010487642139196396,-0.09043031930923462,-0.017288245260715485,-0.026500331237912178,-0.03475683927536011,-0.030184868723154068,-0.00020638108253479004,-0.09698907285928726,-0.020785346627235413,-0.027865512296557426,-0.03654518350958824,-0.03147248551249504,0.003712734207510948,-0.09330356121063232,-0.026162315160036087,-0.03200025483965874,-0.04307020455598831,-0.01823151484131813,0.003966473042964935,-0.08962639421224594,-0.029271889477968216,-0.03676043078303337,-0.05278819054365158,-0.01536853238940239,0.008006755262613297,-0.09104916453361511,-0.024957142770290375,-0.03658011555671692,-0.05871489644050598,-0.026901528239250183,0.009178021922707558,-0.08515655249357224,-0.032557014375925064,-0.045275017619132996,-0.06430548429489136,-0.013973074033856392,0.014280922710895538,-0.07332810014486313,-0.04437483474612236,-0.047853365540504456,-0.06769218295812607,-0.01171320490539074,0.019253075122833252,-0.06767932325601578,-0.05216721445322037,-0.050205908715724945,-0.062083691358566284,0.009348785504698753,0.023089146241545677,-0.05563531816005707,-0.07302924245595932,-0.05216943472623825,-0.05940109118819237,0.004207209218293428,,,,,,,,,,,,,,,,,,,,,,,,,,,,,,,,,,,,,,,,,,,,,,,,
P12,0,0,0,0,0,0,0,0,0,-0.04773985221982002,0.013541702181100845,-0.03458593040704727,0,0,0,-0.05476903170347214,0.011481386609375477,-0.00598938250914216,0.026313191279768944,0.012351687997579575,-0.024398289620876312,-0.05696256831288338,0.009808464907109737,-0.0022229913156479597,0.035060685127973557,0.016020286828279495,-0.01283690333366394,-0.059438057243824005,0.0031838463619351387,-0.0011994444066658616,0.03752138838171959,0.019583620131015778,-0.00467656971886754,-0.06593397259712219,-0.0038609839975833893,0.015141338109970093,0.03471210598945618,0.020489098504185677,-0.0010624072747305036,-0.07030676305294037,-0.00805461872369051,0.02504417672753334,0.03495069220662117,0.02048889547586441,-0.002461733529344201,-0.07403897494077682,-0.0015117675065994263,0.03150046989321709,0.029723821207880974,0.017219051718711853,0.00595167838037014,-0.02286992408335209,-0.00421004556119442,0.052404601126909256,0.027135660871863365,0.021440213546156883,0.01967170275747776,-0.018253937363624573,-0.0027351155877113342,0.05341194570064545,0.028926929458975792,0.01058135088533163,0.025713175535202026,-0.01890704780817032,0.001814424991607666,0.05480804666876793,0.030909257009625435,0.005372826009988785,0.010869492776691914,-0.019347772002220154,0.0038397503085434437,0.0517411045730114,,,,,,,,,,,,,,,,,,,,,,,,,,,,,,,,,,,,,,,,,,,,,,,,
P16,0,0,0,0,0,0,0,0,0,-0.055071357637643814,0.039998773485422134,-0.012862748466432095,0,0,0,-0.05633597448468208,0.0354977510869503,0.00877423956990242,0.02208317071199417,0.03398287668824196,-0.013511057943105698,-0.056800223886966705,0.03075360506772995,0.009542773477733135,0.02948426455259323,0.044190190732479095,0.0009830014314502478,-0.05899888277053833,0.0265679769217968,0.010607612319290638,0.03033832088112831,0.04624910652637482,0.003055011620745063,-0.05992510914802551,0.016567673534154892,0.021601008251309395,0.026202891021966934,0.04609009996056557,0.01200602576136589,-0.061820968985557556,0.009228195995092392,0.0319712869822979,0.028341468423604965,0.043982140719890594,0.011023440398275852,-0.015236358158290386,0.009470850229263306,0.0635506808757782,0.025693140923976898,0.039383236318826675,0.0169056486338377,-0.011541195213794708,0.016897939145565033,0.06280015408992767,0.02054556831717491,0.041056305170059204,0.03050910122692585,-0.007948063313961029,0.0179945919662714,0.06184380128979683,0.018023720011115074,0.03297492861747742,0.028729047626256943,-0.009266692213714123,0.019413068890571594,0.05773179233074188,0.01503527257591486,0.02961471490561962,0.031971439719200134,-0.012341504916548729,0.019668661057949066,0.05148802697658539,,,,,,,,,,,,,,,,,,,,,,,,,,,,,,,,,,,,,,,,,,,,,,,,
P20,0,0,0,0,0,0,0,0,0,-0.040907494723796844,0.05351754650473595,-0.0037539545446634293,0,0,0,-0.04166629537940025,0.051521677523851395,0.009223474189639091,0.013370970264077187,0.04286777600646019,-0.020003750920295715,-0.04255727678537369,0.047606535255908966,0.010262001305818558,0.019937248900532722,0.05357419326901436,-0.013849143870174885,-0.042603615671396255,0.04145925119519234,0.01142475288361311,0.018875224515795708,0.052489545196294785,-0.012077927589416504,-0.045991383492946625,0.032322101294994354,0.01767953485250473,0.015272545628249645,0.052466075867414474,-0.004786451812833548,-0.04681467264890671,0.026220476254820824,0.029514484107494354,0.015459606423974037,0.04989774897694588,0.0006032353267073631,-0.02059410884976387,0.0318618007004261,0.05756913870573044,0.015737324953079224,0.04646237567067146,0.0061373221687972546,-0.017305508255958557,0.03789004683494568,0.05973173305392265,0.017524154856801033,0.05145605653524399,0.018588051199913025,-0.011499621905386448,0.03789970651268959,0.060742028057575226,0.015319200232625008,0.042730867862701416,0.020984409376978874,-0.011575434356927872,0.03734390810132027,0.05723893269896507,0.002814903389662504,0.04189279302954674,0.026109470054507256,-0.01283260527998209,0.03687542304396629,0.05150226131081581,,,,,,,,,,,,,,,,,,,,,,,,,,,,,,,,,,,,,,,,,,,,,,,,
P0,0,0,0,0.053811099380254745,0.001042468473315239,0.06821411848068237,-0.03984108567237854,-0.023478765040636063,0.0749218761920929,0.046990398317575455,-0.007535520941019058,0.05341275408864021,0,0,0,0.04151185229420662,-0.006653412710875273,0.03788534179329872,-0.026413757354021072,0.07593110203742981,0.0635642558336258,0.0567934513092041,-0.0035956972278654575,0.04637639969587326,-0.019932549446821213,0.08340868353843689,0.05117221549153328,0.05458076298236847,0.0006606265669688582,0.03580076992511749,-0.02525368519127369,0.0847548097372055,0.04237788915634155,0.0563083291053772,-0.0015939627774059772,0.04302656650543213,-0.030275858938694,0.08284276723861694,0.03869299218058586,0.06170970946550369,0.0004134606570005417,0.04961179941892624,-0.03226695582270622,0.07944595813751221,0.04316549375653267,0.06270897388458252,-0.0022460506297647953,0.052635401487350464,-0.033004194498062134,0.06300079077482224,0.037662021815776825,0.06073928251862526,-0.0036322688683867455,0.053432364016771317,-0.03394642099738121,0.05503140017390251,0.05457532778382301,0.03928017616271973,-0.008472640067338943,0.04465756192803383,0,0,0,0.039334122091531754,0.0005781953223049641,0.03556475788354874,0,0,0,0.0166880264878273,0.0012934268452227116,0.028680069372057915,0,0,0,0.029769590124487877,-0.01053608674556017,0.045788273215293884,,,,,,,,,,,,,,,,,,,,,,,,,,,,,,,,,,,,,,,,,,
P4,0,0,0,-0.025502482429146767,-0.07309529185295105,0.012916404753923416,0.04740745574235916,-0.010286623612046242,0.014926495030522346,-0.020752567797899246,-0.04973585158586502,0.002161281416192651,0,0,0,-0.019682545214891434,-0.0019330426584929228,0.01583545282483101,0.05436987057328224,0.027978166937828064,-0.038386933505535126,-0.017142996191978455,-0.02723473310470581,0.0160757377743721,0.05880008265376091,0.02413104847073555,-0.04785165935754776,-0.014455153606832027,-0.05372409522533417,0.017148496583104134,0.06219648942351341,0.023975752294063568,-0.04587167128920555,-0.01653118059039116,-0.05663823336362839,0.002389946486800909,0.06144145131111145,0.031322628259658813,-0.021672476083040237,-0.018646618351340294,-0.061585068702697754,0.002730088774114847,0.050301238894462585,0.03495390713214874,-0.0367639884352684,-0.019720040261745453,-0.05874268338084221,0.002318304730579257,0.03781775012612343,0.02968406304717064,-0.0003046788915526122,-0.016629554331302643,-0.054530736058950424,0.0031522735953330994,0.03260527923703194,0.03572108969092369,-0.027864040806889534,0.00383138214237988,-0.06023550406098366,0.00543217035010457,0,0,0,0.006500953808426857,-0.0551760196685791,-0.002287037204951048,0,0,0,0.020880453288555145,-0.0435771644115448,-0.01486899983137846,0,0,0,0.026947421953082085,-0.03727639466524124,-0.012774080038070679,,,,,,,,,,,,,,,,,,,,,,,,,,,,,,,,,,,,,,,,,,
P8,0,0,0,-0.048434942960739136,-0.011709119193255901,-0.002591181779280305,0.03404698520898819,-0.03633595630526543,-0.033076681196689606,-0.043459292501211166,-0.013484908267855644,0.015638282522559166,0,0,0,-0.03564487025141716,0.003275354625657201,-0.001740295090712607,0.04157126694917679,-0.06659900397062302,-0.043983299285173416,-0.04998326301574707,-0.04324927553534508,-0.028276750817894936,0.037813641130924225,-0.059125106781721115,-0.042942795902490616,-0.04860856756567955,-0.03843066468834877,0.008582777343690395,0.042222730815410614,-0.07005169987678528,-0.028616998344659805,-0.055472489446401596,-0.034647006541490555,0.0014368464471772313,0.04198513552546501,-0.06643205136060715,-0.028072519227862358,-0.05888604745268822,-0.03565578535199165,0.008608977310359478,0.04275340586900711,-0.058675169944763184,-0.0401003360748291,-0.0592554546892643,-0.036284949630498886,-0.004035583697259426,0.03319783881306648,-0.05365607887506485,-0.0006231858278624713,-0.05816501006484032,-0.04179300740361214,-0.02373664081096649,0.03350299224257469,-0.060296230018138885,-0.03391160070896149,-0.04095466062426567,-0.04310976713895798,-0.020829398185014725,0,0,0,-0.03838763013482094,-0.03522242233157158,0.0042734527960419655,0,0,0,-0.03347066044807434,-0.012172006070613861,0.006513048429042101,0,0,0,-0.03824600949883461,0.009657288901507854,0.007980909198522568,,,,,,,,,,,,,,,,,,,,,,,,,,,,,,,,,,,,,,,,,,
P12,0,0,0,-0.05383571237325668,0.028861941769719124,0.004040035884827375,0.049507975578308105,-0.0019900668412446976,-0.058171745389699936,-0.05737089738249779,0.04007979854941368,0.03774365037679672,0,0,0,-0.05188502371311188,0.034146834164857864,0.028963355347514153,0.013366702012717724,-0.08944437652826309,-0.05142182856798172,-0.07006039470434189,0.03896556422114372,0.022116851061582565,0.020194441080093384,-0.07682792842388153,-0.05720975995063782,-0.0644330307841301,0.03578106686472893,0.028575921431183815,0.02264653891324997,-0.08339324593544006,-0.0538276806473732,-0.06378360092639923,0.03670290857553482,0.03363725543022156,0.025602109730243683,-0.08772103488445282,-0.038593731820583344,-0.06431141495704651,0.0358683317899704,0.037481073290109634,0.02729964628815651,-0.08632410317659378,-0.04627207666635513,-0.06913954764604568,0.0404466912150383,0.03209177404642105,0.023586338385939598,-0.07445969432592392,0.006618036888539791,-0.07414360344409943,0.042786285281181335,0.024073228240013123,0.022026561200618744,-0.07443743944168091,-0.04595175012946129,-0.06373980641365051,0.03526708856225014,0.015254695899784565,0,0,0,-0.051760122179985046,0.023332610726356506,0.016695503145456314,0,0,0,-0.04440661519765854,0.017585398629307747,0.014665812253952026,0,0,0,-0.04281185567378998,0.030440114438533783,0.00904281996190548,,,,,,,,,,,,,,,,,,,,,,,,,,,,,,,,,,,,,,,,,,
P16,0,0,0,-0.02435898780822754,0.018432293087244034,0.009878129698336124,0.02526811882853508,0.07035870105028152,-0.015173627063632011,-0.003715385915711522,0.01085120439529419,0.05713752284646034,0,0,0,0.0073186298832297325,0.017175447195768356,0.05308670178055763,-0.014472080394625664,-0.0008808015845716,-0.03894977271556854,0.002340789418667555,0.027437429875135422,0.04854010045528412,-0.01192247960716486,-0.006289755925536156,-0.060386765748262405,0.008226154372096062,0.018518298864364624,0.04523380845785141,-0.0012066476047039032,0.003858899464830756,-0.0635305792093277,0.004885287955403328,0.0151235181838274,0.05340893939137459,0.004071683622896671,-0.003985109273344278,-0.0641917809844017,0.004189560189843178,0.012733791954815388,0.05483182147145271,0.01567646488547325,-0.01678992249071598,-0.07350332289934158,-8.798856288194656e-05,0.017628120258450508,0.052744537591934204,0.012555347755551338,-0.040912918746471405,0.006206347607076168,0.0008001832757145166,0.017055954784154892,0.046141061931848526,0.007457081228494644,-0.054937250912189484,-0.06379888951778412,-0.019294243305921555,0.0412808321416378,0.0278987567871809,0,0,0,-0.03963202238082886,0.04518154263496399,0.019074736163020134,0,0,0,-0.032543741166591644,0.037868715822696686,0.012620694003999233,0,0,0,-0.03242160379886627,0.044020362198352814,0.002543644979596138,,,,,,,,,,,,,,,,,,,,,,,,,,,,,,,,,,,,,,,,,,
P20,0,0,0,-0.008308499120175838,0.03841067850589752,0.019772877916693687,0.0003502890467643738,0.06936273723840714,0.005759772844612598,0.0015821920242160559,0.022861922159790993,0.0538908950984478,0,0,0,0.010765810497105122,0.022945227101445198,0.049973614513874054,-0.030686885118484497,-0.0020921409595757723,-0.025575004518032074,0.007681691087782383,0.0349518284201622,0.05217037349939346,-0.027754265815019608,-0.008034426718950272,-0.047467269003391266,0.009812087751924992,0.03402923792600632,0.045814260840415955,-0.013238516636192799,0.01206949632614851,-0.05307130143046379,0.008630824275314808,0.03351634368300438,0.04775010794401169,-0.011357802897691727,0.008872885257005692,-0.056195978075265884,0.010135691612958908,0.031788114458322525,0.05617848038673401,-0.008846674114465714,0.005991394631564617,-0.059820495545864105,0.009198990650475025,0.030283479019999504,0.055336855351924896,-0.015562412329018116,-0.01021932065486908,0.009046245366334915,0.013799897395074368,0.02681337483227253,0.051691386848688126,-0.017225664108991623,-0.006890156771987677,-0.06027110293507576,0.014959349296987057,0.019162366166710854,0.03918743506073952,0,0,0,-0.005067779682576656,0.04993557557463646,0.012701655738055706,0,0,0,0.0017279323656111956,0.05437954142689705,-0.0044839633628726006,0,0,0,0.002126154489815235,0.06191093847155571,-0.009258054196834564,,,,,,,,,,,,,,,,,,,,,,,,,,,,,,,,,,,,,,,,,,
P0,-0.01569826900959015,0.07899405807256699,0.06635526567697525,0.009175238199532032,0.09266345947980881,0.0182105153799057,-0.010409683920443058,0.07766570150852203,0.06388186663389206,0.004914304241538048,0.0898527204990387,0.021064525470137596,-0.0019456618465483189,0.08734612911939621,0.05198191851377487,-0.0013887286186218262,0.08984656631946564,0.027082286775112152,0.0016737831756472588,0.09094978868961334,0.04041866213083267,-0.003664247691631317,0.08832268416881561,0.028386816382408142,0.002294141799211502,0.09507401287555695,0.03254944458603859,0.012174254283308983,0.08495903760194778,0.040811747312545776,0.0001289723441004753,0.09910682588815689,0.024648623540997505,0.016737250611186028,0.0793270692229271,0.05337732657790184,-0.004610742442309856,0.09957639873027802,0.012287993915379047,0.025379875674843788,0.07248388975858688,0.0619632862508297,-0.012859872542321682,0.0978679209947586,0.019416073337197304,0.031050145626068115,0.05964361131191254,0.06963354349136353,-0.014110389165580273,0.0936187356710434,0.02856358326971531,0.03510241210460663,0.05426168441772461,0.06857502460479736,-0.02206606976687908,0.08638960868120193,0.039520058780908585,0,0,0,0,0,0,0,0,0,,,,,,,,,,,,,,,,,,,,,,,,,,,,,,,,,,,,,,,,,,,,,,,,,,,,,,
P4,0.06584765762090683,0.01209120824933052,-0.018885208293795586,-0.04103390499949455,-0.013483844697475433,-0.008485686965286732,0.06430321931838989,0.009547708556056023,-0.024653129279613495,-0.05727645382285118,-0.020009063184261322,0.01580572873353958,0.07044683396816254,-0.006097252015024424,-0.013938325457274914,-0.046962346881628036,-0.018053794279694557,0.006032384932041168,0.06621289253234863,-0.011116600595414639,-0.014083516784012318,-0.04493230953812599,-0.004823580384254456,-0.01576836407184601,0.0608634352684021,-0.016587793827056885,-0.01697871834039688,-0.05546359717845917,-0.003055563196539879,-0.017411034554243088,0.05357098951935768,-0.017063934355974197,-0.013423101045191288,-0.05377340316772461,-0.011529629118740559,0.0036807190626859665,0.049849580973386765,-0.013537658378481865,0.021254749968647957,-0.053637485951185226,0.001298162154853344,-0.0012545437784865499,0.04603862762451172,-0.012156136333942413,-0.006781924050301313,-0.04756798595190048,-0.0055697001516819,-0.0010125789558514953,0.04793837293982506,-0.004977704957127571,-0.0030701751820743084,-0.05708136782050133,-0.0011403318494558334,0.0031637579668313265,0.03596201166510582,0.0005522475112229586,-0.009424488060176373,0,0,0,0,0,0,0,0,0,,,,,,,,,,,,,,,,,,,,,,,,,,,,,,,,,,,,,,,,,,,,,,,,,,,,,,
P8,0.020768072456121445,-0.058549802750349045,-0.04346204921603203,-0.059565767645835876,-0.007301781326532364,-0.015345743857324123,0.019704541191458702,-0.0673614963889122,-0.0369313545525074,-0.05753813683986664,-0.0021037757396698,-0.011150582693517208,0.018920082598924637,-0.07760974764823914,-0.027647169306874275,-0.055562254041433334,0.0018666964024305344,0.0044031389988958836,0.019869253039360046,-0.08814497292041779,-0.020538661628961563,-0.053046613931655884,-0.006707379594445229,-0.0018702818779274821,0.021126341074705124,-0.0937252789735794,-0.019382163882255554,-0.040303122252225876,0.013577265664935112,0.01945694535970688,0.022020071744918823,-0.09234509617090225,-0.014708055183291435,-0.03304215893149376,0.02216862142086029,0.03154807910323143,0.027692632749676704,-0.08978262543678284,-0.0028166084084659815,-0.032226186245679855,0.018312042579054832,0.026886411011219025,0.031421005725860596,-0.08211899548768997,-0.004849952645599842,-0.035945042967796326,0.01738595962524414,0.02583128772675991,0.03391024097800255,-0.07801328599452972,-0.008588459342718124,-0.04777194559574127,0.010692604817450047,0.015344589948654175,0.04096114635467529,-0.06370587646961212,-0.013522830791771412,0,0,0,0,0,0,0,0,0,,,,,,,,,,,,,,,,,,,,,,,,,,,,,,,,,,,,,,,,,,,,,,,,,,,,,,
P12,0.02098511904478073,0.04653852432966232,0.003602805081754923,-0.057126231491565704,-0.006667678244411945,-0.03531672805547714,0.02922099642455578,0.03595736250281334,-0.015539026819169521,-0.05303027853369713,0.00457279197871685,-0.026645056903362274,0.027976473793387413,0.03472770005464554,-0.021092602983117104,-0.054279930889606476,0.009544284082949162,-0.010950148105621338,0.028903430327773094,0.02553500607609749,-0.01956377923488617,-0.052746277302503586,-0.0007911254651844501,-0.01477226335555315,0.031671613454818726,0.021839721128344536,-0.020698657259345055,-0.033597514033317566,0.02261914685368538,0.008332524448633194,0.034084632992744446,0.020283104851841927,-0.02634981833398342,-0.021798523142933846,0.030706560239195824,0.023171572014689445,0.03276190906763077,0.02373260073363781,-0.023725004866719246,-0.0215484406799078,0.02803649567067623,0.025306330993771553,0.03244747966527939,-0.020398451015353203,-0.036182865500450134,-0.02016843855381012,0.024436399340629578,0.028677182272076607,0.04176972433924675,0.025274069979786873,-0.014978043735027313,-0.030606139451265335,0.018327875062823296,0.02037954330444336,0.03178226202726364,0.0343443863093853,0.009669307619333267,0,0,0,0,0,0,0,0,0,,,,,,,,,,,,,,,,,,,,,,,,,,,,,,,,,,,,,,,,,,,,,,,,,,,,,,
P16,0.008675184100866318,0.05679252743721008,0.009478750638663769,-0.04697788134217262,0.0001894356682896614,-0.05032006651163101,0.01627471297979355,0.062167637050151825,0.012749245390295982,-0.044188130646944046,0.010139301419258118,-0.03880040720105171,0.0195853803306818,0.05767805129289627,-0.001604805001989007,-0.047227613627910614,0.01720273867249489,-0.022505659610033035,0.020417818799614906,0.04780932888388634,-0.01309760008007288,-0.044919006526470184,0.012391195632517338,-0.023770064115524292,0.020230181515216827,0.04643537476658821,-0.014708012342453003,-0.023792892694473267,0.032995015382766724,-0.00216924911364913,0.02186858281493187,0.044832028448581696,-0.0192736629396677,-0.009946981444954872,0.04188334941864014,0.012517958879470825,0.023108279332518578,0.043630801141262054,-0.02342500537633896,-0.007982658222317696,0.04099661484360695,0.01794767938554287,0.02374945394694805,0.042976245284080505,-0.02407197281718254,-0.0022240253165364265,0.037353429943323135,0.025344256311655045,0.02222452312707901,0.05085219815373421,-0.012526300735771656,-0.0045052263885736465,0.030747391283512115,0.02224876545369625,0.01779775507748127,0.05643480271100998,0.004400276113301516,0,0,0,0,0,0,0,0,0,,,,,,,,,,,,,,,,,,,,,,,,,,,,,,,,,,,,,,,,,,,,,,,,,,,,,,
P20,-0.005172004923224449,0.06157161667943001,-0.0028295721858739853,-0.033188652247190475,0.003635834902524948,-0.05948652699589729,0.00611448148265481,0.062250085175037384,0.0034953642170876265,-0.03915718197822571,0.008934270590543747,-0.054458990693092346,0.00858991127461195,0.05510725826025009,-0.017277300357818604,-0.04518913850188255,0.017905989661812782,-0.03833719342947006,0.010070934891700745,0.05092541128396988,-0.026552511379122734,-0.0426802933216095,0.015530814416706562,-0.03498495742678642,0.010213702917098999,0.046232886612415314,-0.030942656099796295,-0.01860625110566616,0.0381929911673069,-0.016282953321933746,0.010966367088258266,0.043977949768304825,-0.036701805889606476,-0.005298643372952938,0.04626331478357315,-0.002244955860078335,0.016768652945756912,0.04097781702876091,-0.0428355410695076,-0.0030587418004870415,0.04731234908103943,0.005419726483523846,0.01666397787630558,0.044335901737213135,-0.039448123425245285,0.001646694727241993,0.04630354791879654,0.019778234884142876,0.017205217853188515,0.051668763160705566,-0.03396986424922943,0.004673674702644348,0.037902165204286575,0.015484467148780823,0.018818099051713943,0.058906763792037964,-0.016561107710003853,0,0,0,0,0,0,0,0,0,,,,,,,,,,,,,,,,,,,,,,,,,,,,,,,,,,,,,,,,,,,,,,,,,,,,,,
